"2abba6a3-bad4-48bd-a379-10369ae752ae",1,24619316,"5A9A8B1D14B69730720417B0C672C0182A65787F5E239CAA5576B4C669DE25D1","5B465871CB3C50DBF7A6006851F4EA2B854F5B9D48338E2F6A0DCE4B0DFEAD5D","CANONICAL","2026-03-09 10:27:29.000000+00"
"6abc54cb-2716-4b6e-afcb-2af227ba318e",1,24619317,"8F0C1C45351AED996F60BFB3E66B86518EA9098A7E09CF650151B1EB0FFDDBF8","5A9A8B1D14B69730720417B0C672C0182A65787F5E239CAA5576B4C669DE25D1","CANONICAL","2026-03-09 10:27:41.000000+00"
"6660bab2-feb0-4c9e-a596-36b3860b1b19",1,24619318,"2CCD69D886A84B096F59A1CC8CA08442C1A3ED8FB57B07D620C48F79882B2B5F","8F0C1C45351AED996F60BFB3E66B86518EA9098A7E09CF650151B1EB0FFDDBF8","CANONICAL","2026-03-09 10:27:53.000000+00"
"f51a6a4c-ff4b-41ff-9b79-3dee7389c238",1,24619319,"9055E86B7D82EC344E09F58BBFE97A2B2A3E3BC1880A991483AD9AC230097D6A","2CCD69D886A84B096F59A1CC8CA08442C1A3ED8FB57B07D620C48F79882B2B5F","CANONICAL","2026-03-09 10:28:05.000000+00"
"4c2a729d-bc90-4b20-8d8c-58c933bd6b29",1,24619320,"FAFF681785D6F47BCCED3E61A6E245868671A81D9BF5E486DAEE1F86366FDEEA","9055E86B7D82EC344E09F58BBFE97A2B2A3E3BC1880A991483AD9AC230097D6A","CANONICAL","2026-03-09 10:28:17.000000+00"
"5c218cd2-6825-464f-a321-5f3765c077b3",1,24619321,"EFAF54FBE3B42C7EF45D0BF0E466E13D4417F7DA162FD11AA3301C4700BA7A2F","FAFF681785D6F47BCCED3E61A6E245868671A81D9BF5E486DAEE1F86366FDEEA","CANONICAL","2026-03-09 10:28:29.000000+00"
"97106d5b-c095-4b09-91a2-e65d7a03f1e8",1,24619322,"5502CD8D8A22475794A0E714A64B8A4535D630418BD9775AD8BB18F9CA109E1F","EFAF54FBE3B42C7EF45D0BF0E466E13D4417F7DA162FD11AA3301C4700BA7A2F","CANONICAL","2026-03-09 10:28:41.000000+00"
"d29eb8ad-8012-488e-b9ad-58faf51df575",1,24619323,"182C88EB4431F45062D1B5F2FAEDA807B58844B7E2727FB4B60086BF5E5A5BDA","5502CD8D8A22475794A0E714A64B8A4535D630418BD9775AD8BB18F9CA109E1F","CANONICAL","2026-03-09 10:28:53.000000+00"
"399c2bc6-788e-43c4-baa8-6f48acf72868",1,24619324,"A17A63484CE8D88F1CCAD423A9B90750438875A51DC8720E72CFB42BA818D985","182C88EB4431F45062D1B5F2FAEDA807B58844B7E2727FB4B60086BF5E5A5BDA","CANONICAL","2026-03-09 10:29:05.000000+00"
"ac75eb20-f37f-4808-9845-ca35424bd6bd",1,24619325,"CBC0A741C363B24AA24AC9EE6990CAC68B99A8FB1CAF24FBDC8B35A662A723D6","A17A63484CE8D88F1CCAD423A9B90750438875A51DC8720E72CFB42BA818D985","CANONICAL","2026-03-09 10:29:17.000000+00"
"7f5aca40-160a-423c-b691-ab655136695e",1,24619326,"99167E8BE898A784B4A57E7980F8B06FF36444BE9639B835425300192B937BFE","CBC0A741C363B24AA24AC9EE6990CAC68B99A8FB1CAF24FBDC8B35A662A723D6","CANONICAL","2026-03-09 10:29:29.000000+00"
"ce15e9de-719a-489b-85c8-c203e24a0c55",1,24619327,"368CE0108BCE5A27DBB06D378825375426D06065268A5469EFE55011AEFB10BF","99167E8BE898A784B4A57E7980F8B06FF36444BE9639B835425300192B937BFE","CANONICAL","2026-03-09 10:29:41.000000+00"
"c7aa9967-a515-4c51-8b69-a453232e8689",1,24619328,"6B8320AEACB44956DEE451A8927F9DC80026CA034BE570098B44D6FEF39CA8BC","368CE0108BCE5A27DBB06D378825375426D06065268A5469EFE55011AEFB10BF","CANONICAL","2026-03-09 10:29:53.000000+00"
"80af8f04-1ce3-48e5-84a2-f10c18e0d3cf",1,24619329,"B6B2EC4873840E787FB6190A7FFE707F62292AF32425FEF4E0E445E6E3DA0470","6B8320AEACB44956DEE451A8927F9DC80026CA034BE570098B44D6FEF39CA8BC","CANONICAL","2026-03-09 10:30:05.000000+00"
"7e27c254-e8bf-46c4-84c6-2605928686b5",1,24619330,"C35B60A98E0CFCA2E557940B52172A1EED024B62FEB839D3D98AD706A43BAA67","B6B2EC4873840E787FB6190A7FFE707F62292AF32425FEF4E0E445E6E3DA0470","CANONICAL","2026-03-09 10:30:17.000000+00"
"e83a7075-d1e6-4b19-8852-d5240761a34e",1,24619331,"4C19A7E8809C0EFB95D636C75D44F95C04873F3F7D643B59EDC5CD85033479D8","C35B60A98E0CFCA2E557940B52172A1EED024B62FEB839D3D98AD706A43BAA67","CANONICAL","2026-03-09 10:30:29.000000+00"
"604da614-de26-4625-bb0a-a73aa5ef56c8",1,24619332,"0A6BADFE47F1FE1E867F5C59194E282F3B7CAE943A38FFB497531798BB3A221B","4C19A7E8809C0EFB95D636C75D44F95C04873F3F7D643B59EDC5CD85033479D8","CANONICAL","2026-03-09 10:30:41.000000+00"
"b8409228-256a-41c8-90f5-34d099344ff0",1,24619333,"2D6BB334DF38AD4703D15BA0C14A81FEA2BFFA40109499B5675ABC695E14C504","0A6BADFE47F1FE1E867F5C59194E282F3B7CAE943A38FFB497531798BB3A221B","CANONICAL","2026-03-09 10:30:53.000000+00"
"8d149358-c8c1-4755-94b1-ec597d6c4efe",1,24619334,"3A52B52C9ED802F45A3B1A5119EFF6D4896261C8E397CFC0AE0F14CFAB4E1827","2D6BB334DF38AD4703D15BA0C14A81FEA2BFFA40109499B5675ABC695E14C504","CANONICAL","2026-03-09 10:31:05.000000+00"
"cfc6d22f-3db3-457c-811d-c371edb049eb",1,24619335,"496E2411C2DD60E5CB63CDAE1F386B25781F3FBCC61DA8A02D7958E9569679F8","3A52B52C9ED802F45A3B1A5119EFF6D4896261C8E397CFC0AE0F14CFAB4E1827","CANONICAL","2026-03-09 10:31:17.000000+00"
"475be85d-0210-4431-a6b9-cce8b2e378d9",1,24619336,"42D417F32B6DE90152A62FADA60CB4E313BC45696975ADCC86B3C0325A05A5E2","496E2411C2DD60E5CB63CDAE1F386B25781F3FBCC61DA8A02D7958E9569679F8","CANONICAL","2026-03-09 10:31:29.000000+00"
"2ba60e57-2eff-4002-b064-a6f27b7129cf",1,24619337,"74528BF767FB6BCA4652244B0B0CF3B6A90185C2946632686D859EF2AE55B502","42D417F32B6DE90152A62FADA60CB4E313BC45696975ADCC86B3C0325A05A5E2","CANONICAL","2026-03-09 10:31:41.000000+00"
"7009976b-4565-48db-83a4-d9e58256541d",1,24619338,"6FA69B26BF14F1FB436C07875812B3226C6503696B46F889C31AB5810C6EB990","74528BF767FB6BCA4652244B0B0CF3B6A90185C2946632686D859EF2AE55B502","CANONICAL","2026-03-09 10:31:53.000000+00"
"d85562f7-3546-4ffc-8872-dda828a1fb9d",1,24619339,"131554B3CBA7730297F7A14EF17DB6D52E5EF5F23FFC077AFA54F78931808ACE","6FA69B26BF14F1FB436C07875812B3226C6503696B46F889C31AB5810C6EB990","CANONICAL","2026-03-09 10:32:05.000000+00"
"8226eed8-ece7-4a73-8830-daa5a3618e59",1,24619340,"48487E74DD41368A326DD5284325DEE05DA21B5A21C3642C701BDBD4346F13E4","131554B3CBA7730297F7A14EF17DB6D52E5EF5F23FFC077AFA54F78931808ACE","CANONICAL","2026-03-09 10:32:17.000000+00"
"6d7c94b5-790a-41d9-8478-d71da2b0eca0",1,24619341,"34D4287E29653756F9090AED083A3675E4952124E98F20397A2758C2A40C2E40","48487E74DD41368A326DD5284325DEE05DA21B5A21C3642C701BDBD4346F13E4","CANONICAL","2026-03-09 10:32:29.000000+00"
"58d0ee2e-947b-4e0c-834d-f04a90802e46",1,24619342,"BE2FF5375C0204C2295253C244B9C4098872A843E719289410C621CC3B278432","34D4287E29653756F9090AED083A3675E4952124E98F20397A2758C2A40C2E40","CANONICAL","2026-03-09 10:32:41.000000+00"
"0ca351d2-d7c8-40ff-a7d6-bef906293dbc",1,24619343,"632625DE057CCE9ABFCD427229CE53F61814144F298543109C9E632B7A423BBC","BE2FF5375C0204C2295253C244B9C4098872A843E719289410C621CC3B278432","CANONICAL","2026-03-09 10:32:53.000000+00"
"46212442-0eb7-4560-b2a9-48898cce6214",1,24619344,"2A7A5CF57C92ACB089A4FAD6A7D8FAB90019D4EF7D01171486AADC066776CE2D","632625DE057CCE9ABFCD427229CE53F61814144F298543109C9E632B7A423BBC","CANONICAL","2026-03-09 10:33:05.000000+00"
"2f252f7f-467b-4979-9f80-aee55e6b44cb",1,24619345,"6F9F1FA7469CFDBB6D15977E321D664F6B53EB51960EEEB60BAA03F975BB8498","2A7A5CF57C92ACB089A4FAD6A7D8FAB90019D4EF7D01171486AADC066776CE2D","CANONICAL","2026-03-09 10:33:17.000000+00"
"0569022c-5ff1-407b-95ee-53fa95122ef2",1,24619346,"1B6CC0CE578BA5BAD888A8A603BCAE26BC2B6409523007E112AB64CF18A58AA2","6F9F1FA7469CFDBB6D15977E321D664F6B53EB51960EEEB60BAA03F975BB8498","CANONICAL","2026-03-09 10:33:29.000000+00"
"01a7c202-de26-410e-b2e1-b2f830af1cc5",1,24619347,"366181D09A770E02619E18CB59BECC2EAB94DEEFF1BE607D3332AE3DE2FED44F","1B6CC0CE578BA5BAD888A8A603BCAE26BC2B6409523007E112AB64CF18A58AA2","CANONICAL","2026-03-09 10:33:41.000000+00"
"f5dd2e14-1259-424e-93d6-b717ece63deb",1,24619348,"FA1FCA69415E45A4F5EC575585DCBF39BCB5540D43F80AF3484E59FF978B93F6","366181D09A770E02619E18CB59BECC2EAB94DEEFF1BE607D3332AE3DE2FED44F","CANONICAL","2026-03-09 10:33:53.000000+00"
"5baa6ce7-c044-449b-b361-fd1f05333776",1,24619349,"7B6ADAE8CC01EDDF2DA1E47AF285C292F3C8095A53DFA128C6903201B83AD613","FA1FCA69415E45A4F5EC575585DCBF39BCB5540D43F80AF3484E59FF978B93F6","CANONICAL","2026-03-09 10:34:05.000000+00"
"6ac9a78b-e982-47f3-928d-4658d51ee9df",1,24619350,"61830C0BDB6FB60D848159A36C3F7CAFA57935DE5623CD587978DBD811753002","7B6ADAE8CC01EDDF2DA1E47AF285C292F3C8095A53DFA128C6903201B83AD613","CANONICAL","2026-03-09 10:34:17.000000+00"
"1df8fbf8-a7eb-4357-b3d7-a3fc91a80b84",1,24619351,"C3FA7792F81B1100AA5F9944CEA5D6939DBD65E4005093CB84A28C9813FE0843","61830C0BDB6FB60D848159A36C3F7CAFA57935DE5623CD587978DBD811753002","CANONICAL","2026-03-09 10:34:29.000000+00"
"bb9cea12-dfc0-4e5e-89be-111669793289",1,24619352,"1C514CFE867377A615E4C0870023D0D588AB6F29FF70236223B6DD117F12DB78","C3FA7792F81B1100AA5F9944CEA5D6939DBD65E4005093CB84A28C9813FE0843","CANONICAL","2026-03-09 10:34:41.000000+00"
"c9cd505c-f13f-4373-bfdc-9fbf0d6dd7fe",1,24619353,"39E8463E2AEA2F0BB7FB5F1D9ED7C0182DBE3C99EB6FF601A1497046133E8744","1C514CFE867377A615E4C0870023D0D588AB6F29FF70236223B6DD117F12DB78","CANONICAL","2026-03-09 10:34:53.000000+00"
"a99f0f44-780c-4ea1-9187-f502bb36d6c5",1,24619354,"1578EDC4AEFD287A683A8063AC177564B5EDA98CC2320593F22B2071520D0060","39E8463E2AEA2F0BB7FB5F1D9ED7C0182DBE3C99EB6FF601A1497046133E8744","CANONICAL","2026-03-09 10:35:05.000000+00"
"afe10850-f268-4377-a71c-8e676cceba02",1,24619355,"EEB3A4BD3CE9461DD56D9C3BBC101CAC6607C7F32F5157B3E1B9D6ADBE01AFF3","1578EDC4AEFD287A683A8063AC177564B5EDA98CC2320593F22B2071520D0060","CANONICAL","2026-03-09 10:35:17.000000+00"
"666714b9-c47b-4415-be32-a3a709633ff5",1,24619356,"F7065F7AA5E856E3514134A78ACA091394D7974B1DEE04A9F41BB4611EC450B2","EEB3A4BD3CE9461DD56D9C3BBC101CAC6607C7F32F5157B3E1B9D6ADBE01AFF3","CANONICAL","2026-03-09 10:35:29.000000+00"
"3dc17d3e-4c76-4b67-90d9-8cf9ba4615e9",1,24619357,"ADD8342AC34C16A4CB66D12366653FB2B5539942C9333E7C27E25F053EEE59CC","F7065F7AA5E856E3514134A78ACA091394D7974B1DEE04A9F41BB4611EC450B2","CANONICAL","2026-03-09 10:35:41.000000+00"
"30804d0d-2d49-4cf5-bb2f-efaa47816b71",1,24619358,"49520EB769F3F6DBE297478C4A4BF72EABCFA85BE42C17FCF40CE9ED913E68BE","ADD8342AC34C16A4CB66D12366653FB2B5539942C9333E7C27E25F053EEE59CC","CANONICAL","2026-03-09 10:35:53.000000+00"
"ad605709-9183-4f6f-8441-9537582cce61",1,24619359,"BCD5F0D75F32E696E588E69471666FC95E2038365D0DE7834FAF4ABF3002233C","49520EB769F3F6DBE297478C4A4BF72EABCFA85BE42C17FCF40CE9ED913E68BE","CANONICAL","2026-03-09 10:36:05.000000+00"
"17b0e066-7a4d-4e47-8ce4-d91094711537",1,24619360,"20002E63494C236F937C3FAA171F77D54E54D7DE358EA6943AF066FA3C8287AE","BCD5F0D75F32E696E588E69471666FC95E2038365D0DE7834FAF4ABF3002233C","CANONICAL","2026-03-09 10:36:17.000000+00"
"aef4caca-34a1-42be-b560-a954792e01e8",1,24619361,"6E6DD136D59EF052ECDBEEB3D5F302C2D89081F1979629E71577412735C7864E","20002E63494C236F937C3FAA171F77D54E54D7DE358EA6943AF066FA3C8287AE","CANONICAL","2026-03-09 10:36:29.000000+00"
"f97d2cfa-2c39-478d-a827-b2e1b2031892",1,24619362,"9BF60C431E7CE00FAF1E1B049FD1592DFFDC4A58C8547818EABA091731963C05","6E6DD136D59EF052ECDBEEB3D5F302C2D89081F1979629E71577412735C7864E","CANONICAL","2026-03-09 10:36:41.000000+00"
"89503e03-3248-418e-a043-b09943c7d04a",1,24619363,"9BB863AE4E39FA6C85D2BDFFA4E3F63E91A4A16DA4404C35D0B7DEE322C0E2C9","9BF60C431E7CE00FAF1E1B049FD1592DFFDC4A58C8547818EABA091731963C05","CANONICAL","2026-03-09 10:36:53.000000+00"
"2bb2da27-bea8-4e63-b343-d5889c0e9563",1,24619364,"A289B2E77B8C5AAC2BBE9AF2E804F8FBFEB208F144E888475AF7222E38F12864","9BB863AE4E39FA6C85D2BDFFA4E3F63E91A4A16DA4404C35D0B7DEE322C0E2C9","CANONICAL","2026-03-09 10:37:05.000000+00"
"e0a03807-f5e7-4606-b983-3d1244fd64aa",1,24619365,"4AB5DDB57CE4C7D477175670346D6E59C3917722383B413A5048CA8772459233","A289B2E77B8C5AAC2BBE9AF2E804F8FBFEB208F144E888475AF7222E38F12864","CANONICAL","2026-03-09 10:37:17.000000+00"
"8b0bfcd3-f0e3-4385-9e4d-3805126575a5",1,24619366,"B84758EA8D07C9511E9949C5BFA47CE3FCECD8E4F538CC12F5C19FCFF42007B7","4AB5DDB57CE4C7D477175670346D6E59C3917722383B413A5048CA8772459233","CANONICAL","2026-03-09 10:37:29.000000+00"
"e39e8d16-c269-4967-9d0d-f3434ea28628",1,24619367,"6D6EFEC089CA887FEB44C4CBDF2CAF0BA6DDEFAF89401B3F759A76121AE5FAB9","B84758EA8D07C9511E9949C5BFA47CE3FCECD8E4F538CC12F5C19FCFF42007B7","CANONICAL","2026-03-09 10:37:41.000000+00"
"a01f2c22-ea2d-4edc-9b7a-64c774d8c6b9",1,24619368,"31F9E2F0269F3B65888AFD093DDCFCD19DA9DD5FA9574408C2AE23A56363AF3F","6D6EFEC089CA887FEB44C4CBDF2CAF0BA6DDEFAF89401B3F759A76121AE5FAB9","CANONICAL","2026-03-09 10:37:53.000000+00"
"f54eca37-f432-4974-b98d-2982e9c38e2a",1,24619369,"51E1505FBD13B7A98290E032AB43697ED581CA96230A7F7BA066A9E3F33C4A23","31F9E2F0269F3B65888AFD093DDCFCD19DA9DD5FA9574408C2AE23A56363AF3F","CANONICAL","2026-03-09 10:38:05.000000+00"
"66ff462b-8539-4cd7-be04-8b37f6a1950f",1,24619370,"1352882C95295722D32EDD7B9E56B22708DEDB02ECF188BA837B5AF71BDFFB36","51E1505FBD13B7A98290E032AB43697ED581CA96230A7F7BA066A9E3F33C4A23","CANONICAL","2026-03-09 10:38:17.000000+00"
"ebd3dd1c-13b0-434b-bb57-a52b18b12a78",1,24619371,"F34C8F9E9D1BA29074B62909DD154BF692BC58F3391F37BB135E09132C2653FF","1352882C95295722D32EDD7B9E56B22708DEDB02ECF188BA837B5AF71BDFFB36","CANONICAL","2026-03-09 10:38:29.000000+00"
"8b35618b-5954-42d8-866a-3ec9d8f70eb2",1,24619372,"9AED2953AE9835932D12673DAEBD672D3C2AE670F1B085EEEA3D95A2C7F763D9","F34C8F9E9D1BA29074B62909DD154BF692BC58F3391F37BB135E09132C2653FF","CANONICAL","2026-03-09 10:38:41.000000+00"
"b4fa2f68-586b-4939-aa52-722de8c2854d",1,24619373,"2C0648BA1ACE7631FFF66FFCD6BE7070BAA988F0AA93B85E54459E672561F920","9AED2953AE9835932D12673DAEBD672D3C2AE670F1B085EEEA3D95A2C7F763D9","CANONICAL","2026-03-09 10:38:53.000000+00"
"d066ade2-6832-4f60-892e-d7855dfacfa3",1,24619374,"A83D677BDF47207DFBE799344C268CBBD408B87C31F901044E0733182C96E5F7","2C0648BA1ACE7631FFF66FFCD6BE7070BAA988F0AA93B85E54459E672561F920","CANONICAL","2026-03-09 10:39:05.000000+00"
"4bdd0e32-fa16-448e-9fd6-1432571c3d84",1,24619375,"6C9B033CA8B53DA9951A3B769F01C8F26EE2CCCA352076299B789BE8CC4EDE55","A83D677BDF47207DFBE799344C268CBBD408B87C31F901044E0733182C96E5F7","CANONICAL","2026-03-09 10:39:17.000000+00"
"b6aa79c9-7a90-4528-88a1-de9b794f7c86",1,24619376,"47A91D246EED20CFDB845D6D98B9643F4FD3F9E4F6F464A4CAADF517A43A8AC0","6C9B033CA8B53DA9951A3B769F01C8F26EE2CCCA352076299B789BE8CC4EDE55","CANONICAL","2026-03-09 10:39:29.000000+00"
"27dd42c8-2dad-4898-a225-b3a6887a9cf6",1,24619377,"D5ADB72344AD4055F1C075EC9A63AAB1DF0E64E40D1EB674C85827D8C37A4A80","47A91D246EED20CFDB845D6D98B9643F4FD3F9E4F6F464A4CAADF517A43A8AC0","CANONICAL","2026-03-09 10:39:41.000000+00"
"8f724da3-d9a1-49cb-82f3-7e980cf816c0",1,24619378,"222A3F096635C0862D63DF6C0B3B3AC6BC48928277475F328940D496530A76BC","D5ADB72344AD4055F1C075EC9A63AAB1DF0E64E40D1EB674C85827D8C37A4A80","CANONICAL","2026-03-09 10:39:53.000000+00"
"c5d0dd0e-c6b3-4d1d-ba77-47e6c5faec34",1,24619379,"8A7FC23D45E9FB2BEA20A44A779DBE3FF3EA9120DB75B7D761310339181BFFD1","222A3F096635C0862D63DF6C0B3B3AC6BC48928277475F328940D496530A76BC","CANONICAL","2026-03-09 10:40:05.000000+00"
"0b8cbaea-bcd9-4c68-938f-614574d01d5a",1,24619380,"DE3573A3339A8D54D4699F79B9DD538AB628215F918783321498B4F95C6F52F0","8A7FC23D45E9FB2BEA20A44A779DBE3FF3EA9120DB75B7D761310339181BFFD1","CANONICAL","2026-03-09 10:40:17.000000+00"
"121fd81a-171c-4f67-8673-13c332eae68c",1,24619381,"68B962CB2643015029CE02C8F8BBF47CB7E8E4837426F4088949A443ECC2BA45","DE3573A3339A8D54D4699F79B9DD538AB628215F918783321498B4F95C6F52F0","CANONICAL","2026-03-09 10:40:29.000000+00"
"ddaab77c-645a-4776-ab40-0725707eba19",1,24619382,"DDDEB553026DE57F2944F041D1521098F50579A39362B1E89096595E4E574AE6","68B962CB2643015029CE02C8F8BBF47CB7E8E4837426F4088949A443ECC2BA45","CANONICAL","2026-03-09 10:40:41.000000+00"
"70719235-68b6-4eaa-a4b3-acf4ec83d753",1,24619383,"194DD6C05505409570D1CA38C80E5BE1030876773A62B4B2C1D67E8050B7A571","DDDEB553026DE57F2944F041D1521098F50579A39362B1E89096595E4E574AE6","CANONICAL","2026-03-09 10:40:53.000000+00"
"fa5f9154-917a-4d9d-bea6-94aa9f579b7c",1,24619384,"8FF1FE367B00B79031B3F0ED1A7C107ABAA62EE36BB5C4588228CD5766F78AB5","194DD6C05505409570D1CA38C80E5BE1030876773A62B4B2C1D67E8050B7A571","CANONICAL","2026-03-09 10:41:05.000000+00"
"46bae556-206b-4529-94b0-7d372b8939a7",1,24619385,"4F117F0705BC9AD3CFB223E7C87221CFAE043CABBA959F280AA2B67E4E480F92","8FF1FE367B00B79031B3F0ED1A7C107ABAA62EE36BB5C4588228CD5766F78AB5","CANONICAL","2026-03-09 10:41:17.000000+00"
"d8c7ae95-8bf8-4069-9e95-5765d5e41327",1,24619386,"F3E60A43854F05D26C6DBF6AA7879685ED86665F7E6F3D279FF3BB73697B8581","4F117F0705BC9AD3CFB223E7C87221CFAE043CABBA959F280AA2B67E4E480F92","CANONICAL","2026-03-09 10:41:29.000000+00"
"346097fe-2b2f-4699-af26-ab4aeb1a1034",1,24619387,"B8D4E6A27C6D8C90535957AE00A1D16C5748B86D44D01C70064F28F1A7288EE0","F3E60A43854F05D26C6DBF6AA7879685ED86665F7E6F3D279FF3BB73697B8581","CANONICAL","2026-03-09 10:41:41.000000+00"
"82d76198-625d-4b53-bb25-acde0e219aff",1,24619388,"6B92C8F7EC80C68AFFA1F4A01B0BF5F522B8FF2F1AA2477C3AC6FB9AB8ABA382","B8D4E6A27C6D8C90535957AE00A1D16C5748B86D44D01C70064F28F1A7288EE0","CANONICAL","2026-03-09 10:41:53.000000+00"
"c3f4c7d0-2ce2-4b39-b903-0bdc3bf8be3d",1,24619389,"438D640A26F78A792339B529D564FEB64BC61BEC1B1E6836DC9A39F15F0BC415","6B92C8F7EC80C68AFFA1F4A01B0BF5F522B8FF2F1AA2477C3AC6FB9AB8ABA382","CANONICAL","2026-03-09 10:42:05.000000+00"
"710f5f0e-6a78-4b0f-a340-a2b009a26b33",1,24619390,"E3E4D6D2CC20F03EE4C9D8994C38212DD0B7CABEB01E582B66AD7821ED05FD2E","438D640A26F78A792339B529D564FEB64BC61BEC1B1E6836DC9A39F15F0BC415","CANONICAL","2026-03-09 10:42:17.000000+00"
"8ec09ea2-8358-40bf-8c22-d2b837a83d72",1,24619391,"BB28232C0A1B030A87C58FF0E63AF5B51B4F5811CA41BA293702D864F4E489B0","E3E4D6D2CC20F03EE4C9D8994C38212DD0B7CABEB01E582B66AD7821ED05FD2E","CANONICAL","2026-03-09 10:42:29.000000+00"
"de274f43-4661-4c51-bd7b-1da74a03d8a4",1,24619392,"9FA6906D2AC30767B6978C4343CE09A215B2C4F9B52021E6B5264611BE584CF6","BB28232C0A1B030A87C58FF0E63AF5B51B4F5811CA41BA293702D864F4E489B0","CANONICAL","2026-03-09 10:42:41.000000+00"
"1195325b-5dd9-465f-a510-b3b0741ccea4",1,24619393,"301B51825B5DB0E1EF8396BE1F48942608219114D5BD48702D9070B933AE733C","9FA6906D2AC30767B6978C4343CE09A215B2C4F9B52021E6B5264611BE584CF6","CANONICAL","2026-03-09 10:42:53.000000+00"
"56402670-a15a-4c24-b2a8-6b9714160629",1,24619394,"202F00913C99E3ECA8113A8599521451886976EF598A410CE47D4A0D8C4A9215","301B51825B5DB0E1EF8396BE1F48942608219114D5BD48702D9070B933AE733C","CANONICAL","2026-03-09 10:43:05.000000+00"
"28aabcbf-8163-48a4-9ac7-3d08bdca71f5",1,24619395,"0FF3D33C29215A06ABF3E439C3DFA85D43E1B427F8ED47A28E9F66A4565E70A7","202F00913C99E3ECA8113A8599521451886976EF598A410CE47D4A0D8C4A9215","CANONICAL","2026-03-09 10:43:17.000000+00"
"bad4c214-3809-4d5b-b292-6ae52f9e3f06",1,24619396,"E8EBD79AB3828D94A6E34E2B0B48B1C3F3CC339C8FDF2075C03AB21017D5892C","0FF3D33C29215A06ABF3E439C3DFA85D43E1B427F8ED47A28E9F66A4565E70A7","CANONICAL","2026-03-09 10:43:29.000000+00"
"d2f0ac0a-8dae-4f70-b29e-b95675ecae43",1,24619397,"33488FBDAE8BB4C550544921B6635761D7550BF422CF9F23CA9B8F7D48034BED","E8EBD79AB3828D94A6E34E2B0B48B1C3F3CC339C8FDF2075C03AB21017D5892C","CANONICAL","2026-03-09 10:43:41.000000+00"
"b608c355-f92f-48ef-a82e-7d35543c1a6d",1,24619398,"88D96113A45B5AE7E7C7A240895605F61CCFAA0D5F87E2AB122BF387EC0D4C91","33488FBDAE8BB4C550544921B6635761D7550BF422CF9F23CA9B8F7D48034BED","CANONICAL","2026-03-09 10:43:53.000000+00"
"b39d7808-9959-47d1-9e69-fb4a05ee82dc",1,24619399,"989EDA813923FD2E9BF719C53DFA7597D5CB0BAB666FB2DBD9B2149BDEFA7513","88D96113A45B5AE7E7C7A240895605F61CCFAA0D5F87E2AB122BF387EC0D4C91","CANONICAL","2026-03-09 10:44:05.000000+00"
"8367bb2b-dfa7-4d31-9c0c-f3389e2f455d",1,24619400,"C090AF8254DEE02A3F2DDE94A1906BCED411781294A96D4F973AE71CD98F09E5","989EDA813923FD2E9BF719C53DFA7597D5CB0BAB666FB2DBD9B2149BDEFA7513","CANONICAL","2026-03-09 10:44:17.000000+00"
"cfb347ea-f088-4114-904f-0fac28eea5e6",1,24619401,"12CC169C8CCB99FE6339C42D876B5329BCE236334EB271CD11218A164FFF6192","C090AF8254DEE02A3F2DDE94A1906BCED411781294A96D4F973AE71CD98F09E5","CANONICAL","2026-03-09 10:44:29.000000+00"
"a2bfe74e-63ec-4c0e-989b-1bec9c95523b",1,24619402,"B46758FDD5DBCA2C4551B4ACD70E549664C2E7ADEBF9649B19607C7FD55AE2B9","12CC169C8CCB99FE6339C42D876B5329BCE236334EB271CD11218A164FFF6192","CANONICAL","2026-03-09 10:44:41.000000+00"
"ae0a7fd9-cbcc-4697-b893-171df229a159",1,24619403,"CC2E9C9BBA62EAC401C91DF79AAA5A12A22FEC724446539C601312C7984F670F","B46758FDD5DBCA2C4551B4ACD70E549664C2E7ADEBF9649B19607C7FD55AE2B9","CANONICAL","2026-03-09 10:44:53.000000+00"
"00dba402-4f84-4732-adb2-5349af6fd0c6",1,24619404,"58B3A22AADF60FD4B3368A6EF64F051CE88A1A4B541A0DC6C171D0A5DD297641","CC2E9C9BBA62EAC401C91DF79AAA5A12A22FEC724446539C601312C7984F670F","CANONICAL","2026-03-09 10:45:05.000000+00"
"21defd73-52dc-4442-9435-f5cae6aff449",1,24619405,"041B3E0ABA51E8BFFC1E6B85A5B54D98AF47FF9FF50785995B3250B044E73700","58B3A22AADF60FD4B3368A6EF64F051CE88A1A4B541A0DC6C171D0A5DD297641","CANONICAL","2026-03-09 10:45:17.000000+00"
"398a2c20-d1b5-47ba-b8ef-2e6cb5f12282",1,24619406,"97D7FA2B685846ED74CF27FAEF9296D1574BC9A2D7EBFFDB5D83F04A1E0387B1","041B3E0ABA51E8BFFC1E6B85A5B54D98AF47FF9FF50785995B3250B044E73700","CANONICAL","2026-03-09 10:45:29.000000+00"
"b2bd4b21-e886-4f49-872b-cb4aa23b7f65",1,24619407,"C7BEE8A07B34662DAAD9ABC9C6CBFED266ACF7749420824711E5F76DE1F462F9","97D7FA2B685846ED74CF27FAEF9296D1574BC9A2D7EBFFDB5D83F04A1E0387B1","CANONICAL","2026-03-09 10:45:41.000000+00"
"1d9792d1-240b-4cfc-a5c0-b26e6fe517b1",1,24619408,"92328F3DAB31B7603B3422582F85A1A5CB3FFBACE50DF7D299456A9CC3D784D7","C7BEE8A07B34662DAAD9ABC9C6CBFED266ACF7749420824711E5F76DE1F462F9","CANONICAL","2026-03-09 10:45:53.000000+00"
"f5584213-ad6b-4eab-a97c-ac6f433b05bb",1,24619409,"ADDA7FABEC8B4E7AC237F6A113F014298FB412684714B11876CDF8574754D796","92328F3DAB31B7603B3422582F85A1A5CB3FFBACE50DF7D299456A9CC3D784D7","CANONICAL","2026-03-09 10:46:05.000000+00"
"c9f7d8b7-651b-4a11-bbb7-f4930e4429db",1,24619410,"CCB2883942DDF372858C3D315B0619A87E530ABF605959D8E5624DFC43251FFA","ADDA7FABEC8B4E7AC237F6A113F014298FB412684714B11876CDF8574754D796","CANONICAL","2026-03-09 10:46:17.000000+00"
"7f910dcf-fd14-4ddc-898d-759e24c490fc",1,24619411,"FD01FCB76DFC5D0FF09D78ABDA37A146621ECBC84307CB7E3F4006FB77662A00","CCB2883942DDF372858C3D315B0619A87E530ABF605959D8E5624DFC43251FFA","CANONICAL","2026-03-09 10:46:29.000000+00"
"d5bf72b8-9ebe-48b7-8c1e-3d62237db198",1,24619412,"2A3D6557CAAE2D61DBC1368B45F065822800CF19C7E59190B7372CBB83075947","FD01FCB76DFC5D0FF09D78ABDA37A146621ECBC84307CB7E3F4006FB77662A00","CANONICAL","2026-03-09 10:46:41.000000+00"
"d548fd8f-5c1e-4f0e-92c9-b7adb73fe302",1,24619413,"F6025443E741B0A9016679AC9D620416FE6E1319C301E7A094B974FCB37367D5","2A3D6557CAAE2D61DBC1368B45F065822800CF19C7E59190B7372CBB83075947","CANONICAL","2026-03-09 10:46:53.000000+00"
"e7527931-e56d-4784-a05a-409867162890",1,24619414,"9096FF74C1DCFC08D6CF8F82339E6B0898F4AD620F2EFD09A3C58C4D86A1E36E","F6025443E741B0A9016679AC9D620416FE6E1319C301E7A094B974FCB37367D5","CANONICAL","2026-03-09 10:47:05.000000+00"
"a06b0302-64c9-4797-b39e-03271ec5a51d",1,24619415,"A75D3A5CF551C94E775278A440A82E5451F01E063942C2A8759C84C8FC64CB12","9096FF74C1DCFC08D6CF8F82339E6B0898F4AD620F2EFD09A3C58C4D86A1E36E","CANONICAL","2026-03-09 10:47:17.000000+00"
"082d7e2d-7dc9-4ebc-b336-9c135660a20d",1,24619416,"0D2F6EC76AD8050CE6D8B9C3EE3B19BCFC024701A9BCA4EF119EFD4C673433FB","A75D3A5CF551C94E775278A440A82E5451F01E063942C2A8759C84C8FC64CB12","CANONICAL","2026-03-09 10:47:29.000000+00"
"e09fdced-5beb-42ff-975e-b815b2fac069",1,24619417,"5408BAFA2456E6DAB7DF00540CE1C4D2944ECBDFDABF1FB0F684C225A6281D5D","0D2F6EC76AD8050CE6D8B9C3EE3B19BCFC024701A9BCA4EF119EFD4C673433FB","CANONICAL","2026-03-09 10:47:41.000000+00"
"3519dec8-a63b-4e5b-9081-c10dbc978f0c",1,24619418,"F81BABCAB5C7A2E3F2B66B0053227927852F4592CD93695D5768D99A245A5E50","5408BAFA2456E6DAB7DF00540CE1C4D2944ECBDFDABF1FB0F684C225A6281D5D","CANONICAL","2026-03-09 10:47:53.000000+00"
"393d9da5-2b38-4710-81ff-42acd57a41b5",1,24619419,"CDD5141EE9F02F041BDFED03017288308F5387F8B24A95CCBF16D05575D2FBB0","F81BABCAB5C7A2E3F2B66B0053227927852F4592CD93695D5768D99A245A5E50","CANONICAL","2026-03-09 10:48:05.000000+00"
"91689e49-0a94-4e1d-af6c-ff5f3d82c548",1,24619420,"11D7F28ABBF4E3705B471F36ED4F2B3E3B435A9426C89816FB6AE56CA68F542B","CDD5141EE9F02F041BDFED03017288308F5387F8B24A95CCBF16D05575D2FBB0","CANONICAL","2026-03-09 10:48:17.000000+00"
"059b9c12-f7f4-4a4c-86a0-259834ef78de",1,24619421,"1896BB0AFDB893FF9DEEA490B064F6011091A89E3ECBB5C0D717CD654CFCA640","11D7F28ABBF4E3705B471F36ED4F2B3E3B435A9426C89816FB6AE56CA68F542B","CANONICAL","2026-03-09 10:48:29.000000+00"
"897fa6d9-f5c3-4c12-9e20-29980df6d8ee",1,24619422,"9C3C47CCBF054DD17405B9AA468CA420892E6407E7338B1C401A8BBD7B6A6513","1896BB0AFDB893FF9DEEA490B064F6011091A89E3ECBB5C0D717CD654CFCA640","CANONICAL","2026-03-09 10:48:41.000000+00"
"b4751e7c-1ede-4908-80ce-71c7523e6811",1,24619423,"BA937E9A3EB20BBBAA6F37DD63E9D4B45C7D95C8A6EBD7FA47051F2904D8C1EF","9C3C47CCBF054DD17405B9AA468CA420892E6407E7338B1C401A8BBD7B6A6513","CANONICAL","2026-03-09 10:48:53.000000+00"
"c3836fe8-572b-4bfb-8ad0-c18084a2a726",1,24619424,"19E259C73638D2E70FB7ACDB5CF3D5FD2D6F17A4977425243B196159FC3894F2","BA937E9A3EB20BBBAA6F37DD63E9D4B45C7D95C8A6EBD7FA47051F2904D8C1EF","CANONICAL","2026-03-09 10:49:05.000000+00"
"ee1ee4f8-c56c-4d02-b256-775e2bbeec5b",1,24619425,"AAAD541C060C773E4519852D37AA67C0386EC098722E74E384125F426AD05B87","19E259C73638D2E70FB7ACDB5CF3D5FD2D6F17A4977425243B196159FC3894F2","CANONICAL","2026-03-09 10:49:17.000000+00"
"fb778d69-be6e-48d5-a1e8-59916013acd4",1,24619426,"2A79930A9CFDCA7DB515522639308E3335911DFBCB8CFC3E298DB835B974B8EB","AAAD541C060C773E4519852D37AA67C0386EC098722E74E384125F426AD05B87","CANONICAL","2026-03-09 10:49:29.000000+00"
"3b854f9b-3194-47e1-b94b-5e86d005bcf3",1,24619427,"B8BBB2F241F9C22BBFFAF28B243DEC199CC70DB8976B8EC7EFB82488A3DB5A34","2A79930A9CFDCA7DB515522639308E3335911DFBCB8CFC3E298DB835B974B8EB","CANONICAL","2026-03-09 10:49:41.000000+00"
"3db65752-544c-47e8-aea9-63bc507b5b1f",1,24619428,"A302D598F1AC4715434A6E41B4BE5F51484DEF5E4ADB0010B1AADF5103127A0E","B8BBB2F241F9C22BBFFAF28B243DEC199CC70DB8976B8EC7EFB82488A3DB5A34","CANONICAL","2026-03-09 10:49:53.000000+00"
"9570f0f7-faec-4da8-b43b-7a7c0ed3e29f",1,24619429,"802304505B8732210B2ADCAABCFF9269955B2F69AD3ED075C7542C0541B375A0","A302D598F1AC4715434A6E41B4BE5F51484DEF5E4ADB0010B1AADF5103127A0E","CANONICAL","2026-03-09 10:50:05.000000+00"
"c3f3e228-5da2-4124-abbe-91c5d27fdda5",1,24619430,"154BDC7E91AC48E5AFD02F0395BE183C4D37FEB6C0AEBD82F958FEEC7642EFD1","802304505B8732210B2ADCAABCFF9269955B2F69AD3ED075C7542C0541B375A0","CANONICAL","2026-03-09 10:50:17.000000+00"
"3393db27-c8f4-46f9-a7c7-0cef57d7555f",1,24619431,"A30B27973EF51A44D96557B8A179C2376713F048A00EA049C3251004DA9595AE","154BDC7E91AC48E5AFD02F0395BE183C4D37FEB6C0AEBD82F958FEEC7642EFD1","CANONICAL","2026-03-09 10:50:29.000000+00"
"da3e59fa-b7ab-4901-bec0-dd226b7723e3",1,24619432,"1D883ED18AA71F138158EB2330AEC7A4F4E9305142AC80BDB98311E0D3A60914","A30B27973EF51A44D96557B8A179C2376713F048A00EA049C3251004DA9595AE","CANONICAL","2026-03-09 10:50:41.000000+00"
"4600f53e-9141-47ad-9860-9b9aa835a182",1,24619433,"87CB9CB829189FD93AD88B3447CB1457F447D7572BCDB05AE10D19C869EF38A9","1D883ED18AA71F138158EB2330AEC7A4F4E9305142AC80BDB98311E0D3A60914","CANONICAL","2026-03-09 10:50:53.000000+00"
"251e0ff4-7833-4e93-88bb-28f45ac6d603",1,24619434,"6F547010E0E992E9554EDF44DD8D8DC7E278B5AF49809E2F0D0A3BA6C5786F5A","87CB9CB829189FD93AD88B3447CB1457F447D7572BCDB05AE10D19C869EF38A9","CANONICAL","2026-03-09 10:51:05.000000+00"
"c70776d8-a70b-45e7-912b-8bb18c09044e",1,24619435,"0309D0239B45FF6720E41E36E365915188DBB711232E6838BA61E17078762C30","6F547010E0E992E9554EDF44DD8D8DC7E278B5AF49809E2F0D0A3BA6C5786F5A","CANONICAL","2026-03-09 10:51:17.000000+00"
"be0a9711-b375-499b-a9fb-0f310f0a7a9f",1,24619436,"271ABDE2DEDEC49E34BFF873950F62993173387EA4AB91A6B71D0E15F222D2DE","0309D0239B45FF6720E41E36E365915188DBB711232E6838BA61E17078762C30","CANONICAL","2026-03-09 10:51:29.000000+00"
"9aadfc3e-5165-407a-99d3-89f5c7f697bf",1,24619437,"A405B1DE3DCC8BFB144B0132F4BEE5DC09159AB99D9FAA552E1F824C56021EA5","271ABDE2DEDEC49E34BFF873950F62993173387EA4AB91A6B71D0E15F222D2DE","CANONICAL","2026-03-09 10:51:41.000000+00"
"a8661aa5-f15e-4220-8bc5-bcb7ba456d63",1,24619438,"88CCFFB10C0516F08C700C6633B1CEDC8556C5A9C973F27717DFD1058A3C270C","A405B1DE3DCC8BFB144B0132F4BEE5DC09159AB99D9FAA552E1F824C56021EA5","CANONICAL","2026-03-09 10:51:53.000000+00"
"4c1a9a38-9c8a-4c03-ae3b-c33d8d032f01",1,24619439,"7FFBA88A6538257FE7EDE29149F46E18E7502BD3F29042069F60E4D42FC932D2","88CCFFB10C0516F08C700C6633B1CEDC8556C5A9C973F27717DFD1058A3C270C","CANONICAL","2026-03-09 10:52:05.000000+00"
"6e9b557a-ff70-4d68-99c9-71d532c72ad4",1,24619440,"9602449E1AAA6B966D21DC5D25EB42B5C2D7040B845D18E69CC44E17F6873B55","7FFBA88A6538257FE7EDE29149F46E18E7502BD3F29042069F60E4D42FC932D2","CANONICAL","2026-03-09 10:52:17.000000+00"
"39bc5a24-b80e-4029-8bea-2481d304d9a8",1,24619441,"4119556D61F5ED6361F81E8B3A5BCB798DEDD8F43F57C3C8D20D7FA0188E635A","9602449E1AAA6B966D21DC5D25EB42B5C2D7040B845D18E69CC44E17F6873B55","CANONICAL","2026-03-09 10:52:29.000000+00"
"0f2aa194-45a7-49a1-aa4e-575eef128c6d",1,24619442,"8240F5AEF4C9AD26DABC31F831ADE9BCF028B69E91C16AC504DD55F2A3D75AA1","4119556D61F5ED6361F81E8B3A5BCB798DEDD8F43F57C3C8D20D7FA0188E635A","CANONICAL","2026-03-09 10:52:41.000000+00"
"fc87b2ed-52e5-4600-b4c0-16713f5e1bf5",1,24619443,"D7D83CD02890D78AC409AFA207D988E5C7CF5C557104CD55345740E506694D97","8240F5AEF4C9AD26DABC31F831ADE9BCF028B69E91C16AC504DD55F2A3D75AA1","CANONICAL","2026-03-09 10:52:53.000000+00"
"48b60ff4-cfd1-47f3-862b-479cab39019d",1,24619444,"DE6929C19381E7B7C1DCE489CD4C457D2F4B673AFDCE4BB3551B27199F89DEEE","D7D83CD02890D78AC409AFA207D988E5C7CF5C557104CD55345740E506694D97","CANONICAL","2026-03-09 10:53:05.000000+00"
"b4d1fbbd-7d10-456a-958b-f5d61724fe9f",1,24619445,"3C2ABBC4EDF978843CC99665F80BB7B1EBF712B74487A3AE1DB89053339749A4","DE6929C19381E7B7C1DCE489CD4C457D2F4B673AFDCE4BB3551B27199F89DEEE","CANONICAL","2026-03-09 10:53:17.000000+00"
"3476a269-4d8d-4df7-86fb-f8e349a9f6ac",1,24619446,"422D547003BE27BAB142BD61A6ADEDFD1D160EFBC5BA8DE521CD93C99567B19A","3C2ABBC4EDF978843CC99665F80BB7B1EBF712B74487A3AE1DB89053339749A4","CANONICAL","2026-03-09 10:53:29.000000+00"
"6d9c499c-6773-4551-abf2-78bfe84dbf3d",1,24619447,"B8D40F17E01E3FFC116D49EDD7E50070A2095268CF1FE7E0DCD69583744C2463","422D547003BE27BAB142BD61A6ADEDFD1D160EFBC5BA8DE521CD93C99567B19A","CANONICAL","2026-03-09 10:53:41.000000+00"
"ea4f6bb2-54ce-40d2-96be-153b16c940a4",1,24619448,"49FF49527FAB25C58E9B2E7A79B41A5F4C9DDDA938754DA159EF2B265E05DF99","B8D40F17E01E3FFC116D49EDD7E50070A2095268CF1FE7E0DCD69583744C2463","CANONICAL","2026-03-09 10:53:53.000000+00"
"e70ea62f-7956-4cd6-8294-9e3fd72a1662",1,24619449,"4755EAE4909E0A20614782E5033E1405D6A71DDBE6BD9CFD81CA79D19BF1A63D","49FF49527FAB25C58E9B2E7A79B41A5F4C9DDDA938754DA159EF2B265E05DF99","CANONICAL","2026-03-09 10:54:05.000000+00"
"fc2f383f-8acc-4eef-bd3b-0d33113e906f",1,24619450,"E735C29F4CA93BBA549A62AE9C70449928A05470670FA0CDC6FB78C3A6727770","4755EAE4909E0A20614782E5033E1405D6A71DDBE6BD9CFD81CA79D19BF1A63D","CANONICAL","2026-03-09 10:54:17.000000+00"
"f855a62a-266e-4b53-adfb-13ac9f3088bf",1,24619451,"EEA4D2228183E2340339CA33820D412FF4BAA396B9AF0CAFC92FBE1E3E8F210B","E735C29F4CA93BBA549A62AE9C70449928A05470670FA0CDC6FB78C3A6727770","CANONICAL","2026-03-09 10:54:29.000000+00"
"2fcc8425-a747-450e-80c8-e0aa3d708e20",1,24619452,"9203840401118BD083DFBAD81F3A066B9306BCB524271DD010AAD5F38147BF53","EEA4D2228183E2340339CA33820D412FF4BAA396B9AF0CAFC92FBE1E3E8F210B","CANONICAL","2026-03-09 10:54:41.000000+00"
"4554883a-5563-445d-9973-8c67564c1977",1,24619453,"88443281F8043E6B5CE5062042EE3D8C07B7F38D9A56B2AE245959272F2684D9","9203840401118BD083DFBAD81F3A066B9306BCB524271DD010AAD5F38147BF53","CANONICAL","2026-03-09 10:54:53.000000+00"
"fa4f229e-e3de-4576-be87-ac6272022b83",1,24619454,"0C125CDAA9298441BA1E635D5743295EEE52CEBD5AE1B4E07CFC5C5811F235B3","88443281F8043E6B5CE5062042EE3D8C07B7F38D9A56B2AE245959272F2684D9","CANONICAL","2026-03-09 10:55:05.000000+00"
"48370cc0-d457-40e4-ac55-e6a5cfd20d57",1,24619455,"183E06189B1B96C7B934DB895D8431F84D7B80CA49AD863D2F0C7CCAAF1ECDE8","0C125CDAA9298441BA1E635D5743295EEE52CEBD5AE1B4E07CFC5C5811F235B3","CANONICAL","2026-03-09 10:55:17.000000+00"
"2f135c21-24b0-4f86-8025-e85f5270d964",1,24619456,"F1D4ADDBE47A784332097033E9A58CCC7DB6117FF5FA52FB0BA797F5412EC37A","183E06189B1B96C7B934DB895D8431F84D7B80CA49AD863D2F0C7CCAAF1ECDE8","CANONICAL","2026-03-09 10:55:29.000000+00"
"3efee8ca-187e-442a-9344-83fe5746214b",1,24619457,"78D437EA6F63A694E8CF35363A6F1436B4FF6583C88347E6BFD269D3489475B1","F1D4ADDBE47A784332097033E9A58CCC7DB6117FF5FA52FB0BA797F5412EC37A","CANONICAL","2026-03-09 10:55:41.000000+00"
"7d52b80a-eb18-4497-a91d-f4ff4f67ed32",1,24619458,"545DCFF8C2C1E198C0F914872C958A14D505350E4C558C7C1240668212CED7BC","78D437EA6F63A694E8CF35363A6F1436B4FF6583C88347E6BFD269D3489475B1","CANONICAL","2026-03-09 10:55:53.000000+00"
"0b91e3f1-565f-46c9-a3ec-468926e4a978",1,24619459,"D7F90C7674C6EAE999F02901CF9A597DCA0618D9782054793FE6EA91C683FB2C","545DCFF8C2C1E198C0F914872C958A14D505350E4C558C7C1240668212CED7BC","CANONICAL","2026-03-09 10:56:05.000000+00"
"f5258ecd-decb-47d3-896d-ecd2087b5fc8",1,24619460,"55CD0B941E6738D113852711CBD152F2A72C42379BD39097302B1C98C7A7C3CC","D7F90C7674C6EAE999F02901CF9A597DCA0618D9782054793FE6EA91C683FB2C","CANONICAL","2026-03-09 10:56:17.000000+00"
"2a9c297d-f7bf-4cf9-8d59-9c8478cf01da",1,24619461,"626B44426CE526148721EFDFBBC9DE291B5DF09EF9A6FF5ACC60D9B3991CC27F","55CD0B941E6738D113852711CBD152F2A72C42379BD39097302B1C98C7A7C3CC","CANONICAL","2026-03-09 10:56:29.000000+00"
"4fcf11ba-c334-4add-81fa-e48cbd087374",1,24619462,"6580A5216B6C2DC41BF1ED8E5AC8AEF7A4F9DE91C583430AC338020611B8E600","626B44426CE526148721EFDFBBC9DE291B5DF09EF9A6FF5ACC60D9B3991CC27F","CANONICAL","2026-03-09 10:56:41.000000+00"
"16ff7b96-342f-41aa-a933-5db509ada464",1,24619463,"7494D1815AB1044EA606AA2A19BA6529AA8FE83E97513618CD90ABCF03F7B3BB","6580A5216B6C2DC41BF1ED8E5AC8AEF7A4F9DE91C583430AC338020611B8E600","CANONICAL","2026-03-09 10:56:53.000000+00"
"6ace9820-0b7b-4455-8aa7-130ff2e763b3",1,24619464,"DCE890A575CBFE7BFC34418B336698429609D1C87E36DFBA51DB0945206A872E","7494D1815AB1044EA606AA2A19BA6529AA8FE83E97513618CD90ABCF03F7B3BB","CANONICAL","2026-03-09 10:57:05.000000+00"
"e9960e67-8e83-45dc-8f06-283c74c807ad",1,24619465,"339CE019435B6EA1380450DE3BF1FC137007585D27D87585383224B635A0DA37","DCE890A575CBFE7BFC34418B336698429609D1C87E36DFBA51DB0945206A872E","CANONICAL","2026-03-09 10:57:17.000000+00"
"64149cf5-7e35-4f23-ab88-1784714292c1",1,24619466,"DC3E709326258FC25CB7AF8EBD30D56A3D1E7B0F142DBB4B992FC29C2D7A57AD","339CE019435B6EA1380450DE3BF1FC137007585D27D87585383224B635A0DA37","CANONICAL","2026-03-09 10:57:29.000000+00"
"1179bd86-a465-481f-a6e0-9654c3b0d0ac",1,24619467,"008B94A82584E19068912416CA564269F63D24CFBA2AD66FA7CFDADA1E5629CF","DC3E709326258FC25CB7AF8EBD30D56A3D1E7B0F142DBB4B992FC29C2D7A57AD","CANONICAL","2026-03-09 10:57:41.000000+00"
"fe5dd0b0-074d-424a-a4b7-654b4306c4f0",1,24619468,"75909326CF70B4AB5195184E56899DD9070167FF5BB4770846DB088A19D87B3C","008B94A82584E19068912416CA564269F63D24CFBA2AD66FA7CFDADA1E5629CF","CANONICAL","2026-03-09 10:57:53.000000+00"
"38549bb3-c231-427c-907e-018724a3edd4",1,24619469,"365B4715863A6F2075D837176D918E692084C27547996B274EC5BEDC685DA606","75909326CF70B4AB5195184E56899DD9070167FF5BB4770846DB088A19D87B3C","CANONICAL","2026-03-09 10:58:05.000000+00"
"5329d4bc-018f-45f0-b741-863b743a0f13",1,24619470,"F3DA6E0A399C1DABFBD7F38AAEF1840C8BC1BD65513C1713F8A24800489D77B5","365B4715863A6F2075D837176D918E692084C27547996B274EC5BEDC685DA606","CANONICAL","2026-03-09 10:58:17.000000+00"
"7d5b4f05-191c-46ef-b595-fd398002a1b1",1,24619471,"A734696D9117BF771D7F2DCF254029E35E2F346A6443EEB6AA8F7FBAB7B0F348","F3DA6E0A399C1DABFBD7F38AAEF1840C8BC1BD65513C1713F8A24800489D77B5","CANONICAL","2026-03-09 10:58:29.000000+00"
"b2828e27-f266-43f5-bc8d-60ce6087fc90",1,24619472,"AC915E4BD82B71637586A15F8321ECDA8537F99C2CE0DA7BF9C1BA095D38C3F3","A734696D9117BF771D7F2DCF254029E35E2F346A6443EEB6AA8F7FBAB7B0F348","CANONICAL","2026-03-09 10:58:41.000000+00"
"3b8de08a-42ec-4905-86cd-5759334511d2",1,24619473,"D9ABFF9D9C24FB001FB39350B320396BCB1590B3281BD4D801942FB94F350C3A","AC915E4BD82B71637586A15F8321ECDA8537F99C2CE0DA7BF9C1BA095D38C3F3","CANONICAL","2026-03-09 10:58:53.000000+00"
"189c5946-4898-46ef-a6c2-30391c9cb947",1,24619474,"AB565CA93E6B53FACF9143B42F028C2057F99DF2656D25674831C47D087C8A2F","D9ABFF9D9C24FB001FB39350B320396BCB1590B3281BD4D801942FB94F350C3A","CANONICAL","2026-03-09 10:59:05.000000+00"
"986f9b92-9607-4ea3-b8fe-5ad8a3a997c9",1,24619475,"EAB22D61BC867C820B1A7404FD95C9888F73FC1F41E2FAE286584E341510F73F","AB565CA93E6B53FACF9143B42F028C2057F99DF2656D25674831C47D087C8A2F","CANONICAL","2026-03-09 10:59:17.000000+00"
"f4be9ace-3066-4ee4-bc99-a719ef3bbf0a",1,24619476,"A973D54452F8B2DFCCD4E1EB50412E6BC14E8602259779BE41D4CBCB093010D2","EAB22D61BC867C820B1A7404FD95C9888F73FC1F41E2FAE286584E341510F73F","CANONICAL","2026-03-09 10:59:29.000000+00"
"f8184801-4b89-4e40-bbbf-7a9231732fb6",1,24619477,"67E768EFC5F526ED534EF68FDB6AA82D673A5533C857D62CA6E4DA527E6B863B","A973D54452F8B2DFCCD4E1EB50412E6BC14E8602259779BE41D4CBCB093010D2","CANONICAL","2026-03-09 10:59:41.000000+00"
"8181d265-6a54-43f1-b569-a9e4127ba22a",1,24619478,"9F704FA67461FE8C48EE291BD78FE71ECD8851B56D0CDE3D4B61CE0CBF9854DB","67E768EFC5F526ED534EF68FDB6AA82D673A5533C857D62CA6E4DA527E6B863B","CANONICAL","2026-03-09 10:59:53.000000+00"
"7858de4a-d0a4-4c48-9a78-51502bd97f11",1,24619479,"6E821738F0A541CC420838131B9E0399677EBD5891648C6E594C6C2DF1EA9355","9F704FA67461FE8C48EE291BD78FE71ECD8851B56D0CDE3D4B61CE0CBF9854DB","CANONICAL","2026-03-09 11:00:05.000000+00"
"5f593463-5051-4b3b-a749-e0adc39e1b06",1,24619480,"A839254E1496A81B767910C3FE4A2CF9F9BEB2F2669FCA1A2FBF4F8C788739EC","6E821738F0A541CC420838131B9E0399677EBD5891648C6E594C6C2DF1EA9355","CANONICAL","2026-03-09 11:00:17.000000+00"
"0a699864-84d9-4937-a270-0d4cd4656c19",1,24619481,"DA88615CBF8BCA8288F8B7DD69C82EE64EE1E30DD87769055753BDC48D806EE1","A839254E1496A81B767910C3FE4A2CF9F9BEB2F2669FCA1A2FBF4F8C788739EC","CANONICAL","2026-03-09 11:00:29.000000+00"
"c3ab7170-e3f1-4a09-9d53-d03d021aeebf",1,24619482,"6C97FB97B991DBEB64CB484186A5EB30572218C79F6246E1DAD357C88B5B8CCA","DA88615CBF8BCA8288F8B7DD69C82EE64EE1E30DD87769055753BDC48D806EE1","CANONICAL","2026-03-09 11:00:41.000000+00"
"8d3cfe1d-7c6e-4c48-9742-511921d4fa5d",1,24619483,"C9EA483C9C90CB24D519A2A412BE0E94DF93B9C191DBF2E7358FAF785E240617","6C97FB97B991DBEB64CB484186A5EB30572218C79F6246E1DAD357C88B5B8CCA","CANONICAL","2026-03-09 11:00:53.000000+00"
"246f7fef-98ac-4c58-82a8-af92edcd5fef",1,24619484,"17EF5EED341697E3502D1664A65F2C85243CB6A21FAC48B037C1E6A2B2DB0E52","C9EA483C9C90CB24D519A2A412BE0E94DF93B9C191DBF2E7358FAF785E240617","CANONICAL","2026-03-09 11:01:05.000000+00"
"1ac5da54-c695-47dc-a0b3-bbc5ddf0d888",1,24619485,"C16115EA4AEAC176910917C57A99FC55BEA6BE988FE01B3659132FE5CC289A66","17EF5EED341697E3502D1664A65F2C85243CB6A21FAC48B037C1E6A2B2DB0E52","CANONICAL","2026-03-09 11:01:17.000000+00"
"71caaf1d-7df8-45a2-83ef-a3ee36533a0e",1,24619486,"C9344CCC0C72C6234343E722FB9DB441EDA699A4647F56FDC7A84DB88E4C50AD","C16115EA4AEAC176910917C57A99FC55BEA6BE988FE01B3659132FE5CC289A66","CANONICAL","2026-03-09 11:01:29.000000+00"
"fffb567f-6e39-4b3d-bbec-c73166badb4b",1,24619487,"29F1D58686D80DB2FDB0F46C074401BB55C800BE5F59B4E4B1B2CAD9CC70361C","C9344CCC0C72C6234343E722FB9DB441EDA699A4647F56FDC7A84DB88E4C50AD","CANONICAL","2026-03-09 11:01:41.000000+00"
"ba1c7b48-13c3-4f69-8724-c09233b2320e",1,24619488,"9E1890462A562DE668C9E5C27368B3D21CF03DEB4C1F62E2D1F72CE5090A08E0","29F1D58686D80DB2FDB0F46C074401BB55C800BE5F59B4E4B1B2CAD9CC70361C","CANONICAL","2026-03-09 11:01:53.000000+00"
"e251f9a1-bc5d-4e39-b6e2-f00e69262137",1,24619489,"A71080AC72D15520DD80C5AEAD35D6F786DF1EF61E4193D90790191573C90858","9E1890462A562DE668C9E5C27368B3D21CF03DEB4C1F62E2D1F72CE5090A08E0","CANONICAL","2026-03-09 11:02:05.000000+00"
"9aae03e2-ed2a-4e5d-98a9-98f470e32023",1,24619490,"85D1E02268BADD0BD96C6DB03A41F1F2B3BE7A4A71BA5E55C4B38C93374082DD","A71080AC72D15520DD80C5AEAD35D6F786DF1EF61E4193D90790191573C90858","CANONICAL","2026-03-09 11:02:17.000000+00"
"8d66e179-fa1d-41f3-8b7b-1d24238bc8ea",1,24619491,"4318A2FF8C6500657F673C13C3E2309B66E78307D3CC791150CE0F9D70EC0D11","85D1E02268BADD0BD96C6DB03A41F1F2B3BE7A4A71BA5E55C4B38C93374082DD","CANONICAL","2026-03-09 11:02:29.000000+00"
"489bd8b4-d7d7-4b8b-98f4-7157499f247c",1,24619492,"92191D9D6F9505CA862BD4E01EF395AE7324E010F445947245277911587881C2","4318A2FF8C6500657F673C13C3E2309B66E78307D3CC791150CE0F9D70EC0D11","CANONICAL","2026-03-09 11:02:41.000000+00"
"4ddfdf40-c9d0-4585-b168-170fc2a90ee1",1,24619493,"14374924E534B2B9E5B1AF0A01F8498D5496E5FE52A893CF0538388C04BB88FA","92191D9D6F9505CA862BD4E01EF395AE7324E010F445947245277911587881C2","CANONICAL","2026-03-09 11:02:53.000000+00"
"33f6e646-576e-4866-a1ba-705f99f06882",1,24619494,"04BFBDB0623F76AAA1E9E4269E358E4B266D764ADF2AA8270A617C204F960931","14374924E534B2B9E5B1AF0A01F8498D5496E5FE52A893CF0538388C04BB88FA","CANONICAL","2026-03-09 11:03:05.000000+00"
"d84545a8-5dae-4eb0-b964-d7ebe14a3879",1,24619495,"1927AE3E3F241241350827AE033FEC7824C880122F97149B1E92416A67BFC605","04BFBDB0623F76AAA1E9E4269E358E4B266D764ADF2AA8270A617C204F960931","CANONICAL","2026-03-09 11:03:17.000000+00"
"d5545996-c865-411d-8ebe-e590fcc1324d",1,24619496,"A79189227A7468695405B9181E0AB4B37558CF66912984648B30A240C8C8CD2D","1927AE3E3F241241350827AE033FEC7824C880122F97149B1E92416A67BFC605","CANONICAL","2026-03-09 11:03:29.000000+00"
"5aeaed65-f97a-4715-b1c0-d388d9d61838",1,24619497,"9248280982757572826FB2B1018ED79441B9F7515ED9FAF960435FD54FCD5A54","A79189227A7468695405B9181E0AB4B37558CF66912984648B30A240C8C8CD2D","CANONICAL","2026-03-09 11:03:41.000000+00"
"92fbfc86-5a83-443f-a8da-61600e3cdbf3",1,24619498,"04C97BAB9698B0961F0108A558A8075A68EC6BD6278094AFF622F28FD054B1C7","9248280982757572826FB2B1018ED79441B9F7515ED9FAF960435FD54FCD5A54","CANONICAL","2026-03-09 11:03:53.000000+00"
"28dd4d78-3d00-4605-a02f-0dc6875c3dbb",1,24619499,"AE0EF7F1EBB518BE5A80E82F3474AAC00CF42F7D47F745E0114868907C0022E7","04C97BAB9698B0961F0108A558A8075A68EC6BD6278094AFF622F28FD054B1C7","CANONICAL","2026-03-09 11:04:05.000000+00"
"d249817a-9dbc-493d-9094-4453fb307cb4",1,24619500,"AFBA51042EA340873E029806064C47CBE334F08D4E18520B1CD4CC33FF6154FF","AE0EF7F1EBB518BE5A80E82F3474AAC00CF42F7D47F745E0114868907C0022E7","CANONICAL","2026-03-09 11:04:17.000000+00"
"794af3d3-e018-428f-92d8-bbae8f75ea80",1,24619501,"C595BF8FBE38943449957F6FDBEEF2FDC190FDA648DE4FFC8276A97A33398E91","AFBA51042EA340873E029806064C47CBE334F08D4E18520B1CD4CC33FF6154FF","CANONICAL","2026-03-09 11:04:29.000000+00"
"7eb45f91-717e-48c1-9f1d-70370199f253",1,24619502,"5ACFF3205640E7B83F16F8E46FC5021B002D13F79A480D005FE6366E27855556","C595BF8FBE38943449957F6FDBEEF2FDC190FDA648DE4FFC8276A97A33398E91","CANONICAL","2026-03-09 11:04:41.000000+00"
"d768674c-30cb-4880-90a2-a04544978f59",1,24619503,"78A1FE34E7235A6ED5F620C94A2F008396610F2DF12E82D1371D8B72FAB835E7","5ACFF3205640E7B83F16F8E46FC5021B002D13F79A480D005FE6366E27855556","CANONICAL","2026-03-09 11:04:53.000000+00"
"86164d88-4826-429a-9c5b-d168b703e21d",1,24619504,"428ECEC558E23E24CDB84BD0922BADE14DF786B88C9B47B4C9C2804E5ACAD17C","78A1FE34E7235A6ED5F620C94A2F008396610F2DF12E82D1371D8B72FAB835E7","CANONICAL","2026-03-09 11:05:05.000000+00"
"00dacf21-4732-4722-a031-55122755c7d2",1,24619505,"927656C6E99C3BF34ED0864730A99DCA9C6D2F9D0E6F289AA79645C1D19C21AB","428ECEC558E23E24CDB84BD0922BADE14DF786B88C9B47B4C9C2804E5ACAD17C","CANONICAL","2026-03-09 11:05:17.000000+00"
"39028ec6-2220-469f-bdce-8dff5b7914f9",1,24619506,"4C4189AB485DF7C552D6A19573301DA421CF25A42ECF8D2297CEFAA790B0FD59","927656C6E99C3BF34ED0864730A99DCA9C6D2F9D0E6F289AA79645C1D19C21AB","CANONICAL","2026-03-09 11:05:29.000000+00"
"9a065276-64b6-4146-b38c-da91762b6aff",1,24619507,"EE972D1F06E4EA8967BAF7B1E3D4B5CD08BF34D3EC247E7DC6B31D454BD0FCBA","4C4189AB485DF7C552D6A19573301DA421CF25A42ECF8D2297CEFAA790B0FD59","CANONICAL","2026-03-09 11:05:41.000000+00"
"ffee4273-d93a-4078-bb7e-d0463f06384c",1,24619508,"863A85405D7AC5EC3ACB42ADB8124B1EF7DE0690088FF5B5960423573A963F3E","EE972D1F06E4EA8967BAF7B1E3D4B5CD08BF34D3EC247E7DC6B31D454BD0FCBA","CANONICAL","2026-03-09 11:05:53.000000+00"
"901a6112-a736-42e9-97cc-7234a96e6d91",1,24619509,"549A643EC0B10F8797317CDF5850A9036D84283C16C6B9D83C92B2BB1204872A","863A85405D7AC5EC3ACB42ADB8124B1EF7DE0690088FF5B5960423573A963F3E","CANONICAL","2026-03-09 11:06:05.000000+00"
"2c8957d4-5779-4ea3-9f39-652699ef0b93",1,24619510,"9253F540487E5EE1BC1F670BA045956DED86E2EA24214819D95275F3F8BB5090","549A643EC0B10F8797317CDF5850A9036D84283C16C6B9D83C92B2BB1204872A","CANONICAL","2026-03-09 11:06:17.000000+00"
